[
	{
		"Value": "",
		"QuickName": "",
		"Description": "",
		"Recommendation": ""
	},	
	{
		"Value": "1.1.1 Non-text Content",
		"QuickName": "Ensure textual equivalent",
		"Description": "Ensure that a textual equivalent exists for this element",
		"Recommendation": "If element is an image, ensure there is appropriate alternative text.  If element is a background image, use 'screen-reader-only' text with a textual equivalent"
	},
	{
		"Value": "1.2.1 Prerecorded Audio-only and Video-only",
		"QuickName": "Prerecorded audio and video",
		"Description": "Ensure there is a descriptive text transcript all prerecorded audio and video",
		"Recommendation": "Provide a descriptive text transcript with exact text matches"
	}
]