[
	{
		"Value": "",
		"QuickName": "",
		"Description": "",
		"Recommendation": ""
	},	
	{
		"Value": "anchor",
		"QuickName": "Anchor",
		"Rec": "All anchors require a valid href attribute and link text.  If an image is the sole piece of content inside of the anchor, ensure that the image has descriptive alt text.<strong class='example'>Example</strong><a href='http://sva11y.com/components.html#anchors' target='_blank'>http://sva11y.com/components.html#anchors <span class='screen-reader-only'> Opens in a new window</span></a>"
	},
	{
		"Value": "anchorNewWindow",
		"QuickName": "Anchor (Opens in a new window)",
		"Rec": "If an anchor is opening in a new window, the user must be alerted.  Methods for this include adding 'screen-reader-only' text, or adding an icon with alt text alerting the user.  The most common text for either of these methods is 'Opens in a new window'<strong class='example'>Example</strong><a href='http://sva11y.com/components.html#anchors_new_window' target='_blank'>http://sva11y.com/components.html#anchors_new_window <span class='screen-reader-only'> Opens in a new window</span></a>"
	},
	{
		"Value": "anchorLinked",
		"QuickName": "Anchor (Linked image)",
		"Rec": "When an image is the sole piece of content inside of an anchor, ensure the image has descriptive alt text.<strong class='example'>Example</strong><a href='http://sva11y.com/components.html#anchors_linked' target='_blank'>http://sva11y.com/components.html#anchors_linked <span class='screen-reader-only'> Opens in a new window</span></a>"
	},
	{
		"Value": "button",
		"QuickName": "Button",
		"Rec": "All buttons require explicit text.  Screen readers will read out the text of the button.<strong class='example'>Example</strong><a href='http://sva11y.com/components.html#buttons' target='_blank'>http://sva11y.com/components.html#buttons <span class='screen-reader-only'> Opens in a new window</span></a>"
	},	
	{
		"Value": "chart",
		"QuickName": "Chart",
		"Rec": "<a href='http://sva11y.com/components.html#' target='_blank'>http://sva11y.com/components.html# <span class='screen-reader-only'> Opens in a new window</span></a>"
	},
	{
		"Value": "carousel",
		"QuickName": "Carousel",
		"Rec": "You shouldn't use a carousel.<strong class='example'>Example</strong><a href='http://www.shouldiuseacarousel.com' target='_blank'>Should I use a carousel - by Jared Smith @ WebAIM<span class='screen-reader-only'> Opens in a new window</span></a>"
	},	
	{
		"Value": "modalDialog",
		"QuickName": "Dialog (Modal)",
		"Rec": "Dialogs require a number of considerations.<ol><li>The parent container (generally a &lt;div&gt; requires the attribute 'role=&quot;dialog&quot;'</li><li>The parent container (div) should contain the attribute 'aria-lablledby'.  The value for this is generally the #id of the &lt;h2&gt; inside of the dialog</li><li>The dialog should contain an a heading with a valid #id<br />&lt;h2 id=&quot;dialog_heading_id&quot;/&gt;</li><li>Focus should be trapped inside of the dialog.  Tabbing past the last tabbable element should take the user back to the first tabbable element</li><li>Ensure all images (background, foreground) have the proper textual equivalent</li><li>The background content should have the attribute 'aria-hidden=&quot;true&quot;'</li></ol><strong class='example'>Example</strong><a href='http://sva11y.com/components.html#dialog' target='_blank'>http://sva11y.com/components.html#dialog <span class='screen-reader-only'> Opens in a new window</span></a>"
	},
	{
		"Value": "nonModalDialog",
		"QuickName": "Dialog (Non-Modal)",
		"Rec": "<strong class='example'>Example</strong><a href='http://sva11y.com/components.html#' target='_blank'>http://sva11y.com/components.html# <span class='screen-reader-only'> Opens in a new window</span></a>"
	},
	{
		"Value": "drawers",
		"QuickName": "Drawers/Accordion",
		"Rec": "<strong class='example'>Example</strong><a href='http://sva11y.com/components.html#' target='_blank'>http://sva11y.com/components.html# <span class='screen-reader-only'> Opens in a new window</span></a>"
	},
	{
		"Value": "formErrors",
		"QuickName": "Error Handling on Forms",
		"Rec": "Form fields that either require a specific format of text or are simply a required field, the use of ARIA should be utilized.  Required fields should use the attribute 'aria-required=&quot;true&quot;'.  <strong class='example'>Example</strong><a href='http://sva11y.com/components.html#' target='_blank'>http://sva11y.com/components.html# <span class='screen-reader-only'> Opens in a new window</span></a>"
	},	
	{
		"Value": "Graph",
		"QuickName": "Graph",
		"Rec": "<strong class='example'>Example</strong><a href='http://sva11y.com/components.html#' target='_blank'>http://sva11y.com/components.html# <span class='screen-reader-only'> Opens in a new window</span></a>"
	},
	{
		"Value": "html",
		"QuickName": "HTML",
		"Rec": "Ensure that the &lt;html&gt; element has a valid 'lang' attribute.<strong class='example'>Example</strong><a href='http://sva11y.com/components.html#' target='_blank'>http://sva11y.com/components.html# <span class='screen-reader-only'> Opens in a new window</span></a>"
	},
	{
		"Value": "imageBackground",
		"QuickName": "Image (Background)",
		"Rec": "If this is a background image and contains text, there must be a textual alternative.  Textual alternatives can include visual or 'screen-reader-only' text.<strong class='example'>Example</strong><a href='http://sva11y.com/components.html#' target='_blank'>http://sva11y.com/components.html# <span class='screen-reader-only'> Opens in a new window</span></a>"
	},			
	{
		"Value": "imageDecorative",
		"QuickName": "Image (Decorative)",
		"Rec": "Decorative images should have a null alt attribute.<strong class='example'>Example</strong><a href='http://sva11y.com/components.html#' target='_blank'>http://sva11y.com/components.html# <span class='screen-reader-only'> Opens in a new window</span></a>"
	},
	{
		"Value": "imageInfo",
		"QuickName": "Image (Informational)",
		"Rec": "All informational images should contain descriptive alt text.<strong class='example'>Example</strong><a href='http://sva11y.com/components.html#' target='_blank'>http://sva11y.com/components.html# <span class='screen-reader-only'> Opens in a new window</span></a>"
	},
	{
		"Value": "inputText",
		"QuickName": "Input[type=text] ",
		"Rec": "All form fields require an explicit label.  This can be accomplished by either using a &lt;label&gt; element, using the &quot;aria-labelledby&quot; attribute, or using the &quot;aria-label&quot; attribute on the input.<strong class='example'>Example</strong><a href='http://sva11y.com/components.html#' target='_blank'>http://sva11y.com/components.html# <span class='screen-reader-only'> Opens in a new window</span></a>"
	},
	{
		"Value": "inputButton",
		"QuickName": "Input[type=button]",
		"Rec": "Use native HTML elements (such as input[type=button]) whenever possible.  Ensure that there is a valid &quot;value&quot; attribute with a value.<strong class='example'>Example</strong><a href='http://sva11y.com/components.html#' target='_blank'>http://sva11y.com/components.html# <span class='screen-reader-only'> Opens in a new window</span></a>"
	},
	{
		"Value": "inputCheckbox",
		"QuickName": "Input[type=checkbox]",
		"Rec": "<strong class='example'>Example</strong><a href='http://sva11y.com/components.html#' target='_blank'>http://sva11y.com/components.html# <span class='screen-reader-only'> Opens in a new window</span></a>"
	},
	{
		"Value": "inputImage",
		"QuickName": "Input[type=image]",
		"Rec": "Input images should be treated the same as an informational image.  Ensure the input has explicit alt text.  This value cannot be left blank.<strong class='example'>Example</strong><strong class='example'>Example</strong><a href='http://sva11y.com/components.html#' target='_blank'>http://sva11y.com/components.html# <span class='screen-reader-only'> Opens in a new window</span></a>"
	},
	{
		"Value": "h1",
		"QuickName": "Heading Level 1 (h1)",
		"Rec": "This should be marked up as a heading level 1.<strong class='example'>Example</strong><a href='http://sva11y.com/components.html#' target='_blank'>http://sva11y.com/components.html# <span class='screen-reader-only'> Opens in a new window</span></a>"
	},
	{
		"Value": "h2",
		"QuickName": "Heading Level 2 (h2)",
		"Rec": "This should be marked up as a heading level 2.<strong class='example'>Example</strong><a href='http://sva11y.com/components.html#' target='_blank'>http://sva11y.com/components.html# <span class='screen-reader-only'> Opens in a new window</span></a>"
	},
	{
		"Value": "h3",
		"QuickName": "Heading Level 3 (h3)",
		"Rec": "This should be marked up as a heading level 3.<strong class='example'>Example</strong><a href='http://sva11y.com/components.html#' target='_blank'>http://sva11y.com/components.html# <span class='screen-reader-only'> Opens in a new window</span></a>"
	},
	{
		"Value": "h4",
		"QuickName": "Heading Level 4 (h4)",
		"Rec": "This should be marked up as a heading level 4.<strong class='example'>Example</strong><a href='http://sva11y.com/components.html#' target='_blank'>http://sva11y.com/components.html# <span class='screen-reader-only'> Opens in a new window</span></a>"
	},
	{
		"Value": "h5",
		"QuickName": "Heading Level 5 (h5)",
		"Rec": "This should be marked up as a heading level 5.<strong class='example'>Example</strong><a href='http://sva11y.com/components.html#' target='_blank'>http://sva11y.com/components.html# <span class='screen-reader-only'> Opens in a new window</span></a>"
	},
	{
		"Value": "h6",
		"QuickName": "Heading Level 6 (h6)",
		"Rec": "This should be marked up as a heading level 6.<strong class='example'>Example</strong><a href='http://sva11y.com/components.html#' target='_blank'>http://sva11y.com/components.html# <span class='screen-reader-only'> Opens in a new window</span></a>"
	},
	{
		"Value": "label",
		"QuickName": "Label",
		"Rec": "Labels should be used for all input[type=text], input[type=checkbox], input[type=radio], and textarea elements.  The label should have a valid 'for' attribute which associates the label to the desired element.<br /><br />You can also wrap the element in a label.  Ensure there is text inside of the label element.<strong class='example'>Example</strong><strong class='example'>Example</strong><a href='http://sva11y.com/components.html#' target='_blank'>http://sva11y.com/components.html# <span class='screen-reader-only'> Opens in a new window</span></a>"
	},		
	{
		"Value": "orderedList",
		"QuickName": "List (Ordered)",
		"Rec": "<strong class='example'>Example</strong><a href='http://sva11y.com/components.html#' target='_blank'>http://sva11y.com/components.html# <span class='screen-reader-only'> Opens in a new window</span></a>"
	},
	{
		"Value": "unorderedList",
		"QuickName": "List (Unordered)",
		"Rec": "<strong class='example'>Example</strong><a href='http://sva11y.com/components.html#' target='_blank'>http://sva11y.com/components.html# <span class='screen-reader-only'> Opens in a new window</span></a>"
	},
	{
		"Value": "definitionList",
		"QuickName": "List (Definition)",
		"Rec": "<a href='http://sva11y.com/components.html#' target='_blank'>http://sva11y.com/components.html# <span class='screen-reader-only'> Opens in a new window</span></a>"
	},
	{
		"Value": "menu",
		"QuickName": "Menu",
		"Rec": "Menus require the following aria attributes: <ul><li>Role=&quot;menu&quot; on the &lt;UL&gt;</li><li>Role=&quot;menuitem&quot; on each sub-item &lt;LI&gt;</li></ul><strong>WCAG Example</strong><a href='https://www.w3.org/TR/wai-aria-practices/#menu'>ARIA Menus</a>"
	},
	{
		"Value": "meta",
		"QuickName": "Meta",
		"Rec": "<a href='http://sva11y.com/components.html#' target='_blank'>http://sva11y.com/components.html# <span class='screen-reader-only'> Opens in a new window</span></a>"
	},
	{
		"Value": "radioGroup",
		"QuickName": "Radio Group",
		"Rec": "Groups of radio buttons should be marked up in either <ol><li>A fieldset with a legend element</li><li>Wrapped inside of a &lt;div role=&quot;group&quot; aria-labelledby=&quot;group_heading_id&quot;&gt;.  <br /><br />The attributes role=&quot;group&quot; and aria-labelledby=&quot #id of head element &quot; should be used</li></ol><strong class='example'>Example</strong><a href='http://www.sva11y.com' target='_blank'>SVA11y.com - Radio Groups <span class='screen-reader-only'> Opens in a new window</span></a>"
	},
	{
		"Value": "select",
		"QuickName": "Select",
		"Rec": "Ensure that all form fields have an explicit label with a valid 'for' attribute that associates the label to the select box<strong class='example'>Example</strong><a href='http://sva11y.com/components.html#' target='_blank'>http://sva11y.com/components.html# <span class='screen-reader-only'> Opens in a new window</span></a>"
	},			
	{
		"Value": "tabset",
		"QuickName": "Tabset",
		"Rec": "Tabsets require the following aria attributes: <ul><li>Role=&quot;tabset&quot; on the &lt;ul&gt;</li><li>Role=&quot;tab&quot;</li></ul>"
	},
	{
		"Value": "title",
		"QuickName": "Title",
		"Rec": "Ensure that this page has a descriptive title.  Screen readers read out the title of the page before anything else, so this is very important.<strong class='example'>Example</strong>&lt;title&gt;<br >&nbsp;&nbsp;Marker! An accessibility markup tool<br />&lt;/title&gt;"
	},
	{
		"Value": "tooltip",
		"QuickName": "Tooltips",
		"Rec": "<a href='http://sva11y.com/components.html#' target='_blank'>http://sva11y.com/components.html# <span class='screen-reader-only'> Opens in a new window</span></a>"
	},	
	{
		"Value": "dataTable",
		"QuickName": "Table (Data)",
		"Rec": "Tabular data should be marked up in a data table, with a caption and table headings.  The caption for the table doesn't necessarily have to be a caption element, but can be also be a heading that is associated to the table with the 'aria-labelledby' attribute.<br />  Table headings that are positioned in the row should use the attribute 'scope=row'.<strong>Example</strong><a href='http://sva11y.com/components.html#' target='_blank'>http://sva11y.com/components.html# <span class='screen-reader-only'> Opens in a new window</span></a>"
	},
	{
		"Value": "layoutTable",
		"QuickName": "Table (Layout)",
		"Rec": "Tables used for layout purposes should always have the attribute 'role=&quot;presentation&quot;'.<strong class='example'>Example</strong><a href='http://sva11y.com/components.html#' target='_blank'>http://sva11y.com/components.html# <span class='screen-reader-only'> Opens in a new window</span></a>"
	},
	{
		"Value": "-",
		"QuickName": "-----Global-----",
		"Rec": ""
	},
	{
		"Value": "focusManagement",
		"QuickName": "Focus Management",
		"Rec": "Do not suppress the default browser focus indication without setting a focus indicator of your own.<strong class='example'>Example</strong>:focus { outline: 2px solid #000; }"
	},
	{
		"Value": "colorContrast",
		"QuickName": "Color Contrast",
		"Rec": "Ensure that all text under 16pts has at least a 4.5:1 color contrast ratio between the foreground and background.  For large size text (16pt or larger), a contrast ratio of at least 3:1 should be met."
	},
	{
		"Value": "tabOrder",
		"QuickName": "Tab Order",
		"Rec": "Tabbing through the page should move left to right, top to bottom.  Tabbable elements should be wrapped in an anchor, or have a tabindex of 0. <br /> It is a best practice to allow the browser to assign the taborder, and to only use a tabindex where applicable.<strong class='example'>Example</strong>&lt;span id=&quot;error&quot; tabindex=&quot;-1&quot; &gt;<br />&nbsp;&nbsp;This is important information that your Javascript should set focus to dynamically<br />&lt;/span&gt;<br /><br />In the example above, the element has a tabindex of '-1'.  The element is not focusable, but can be programmatically focusable.  This is an acceptable use of tabindex."
	}

]